Date,Training Load,HRV,Acceleration,Previous Injury,Sleep Hours,Hydration Level,Fatigue Score,Injury Risk
2024-01-01,179,69,2.757816639210774,0,5.535566503675062,65,6,1
2024-01-02,117,57,2.6649564083884414,0,6.371007904107575,64,6,2
2024-01-03,88,81,2.1887454827544133,1,7.514956740718581,73,7,0
2024-01-04,103,78,2.8451669022615933,0,5.885227160459236,55,8,1
2024-01-05,107,88,1.806568466488626,0,8.3090252301746,83,8,2
2024-01-06,149,50,1.6104750512569321,1,8.657567166066116,67,9,0
2024-01-07,59,78,1.5339613600734547,1,7.805903891156548,70,8,0
2024-01-08,144,65,1.7793324443957075,1,6.3360243405923455,72,6,1
2024-01-09,57,87,1.5606178870963472,1,5.823771585084922,87,7,2
2024-01-10,62,94,2.2390142866152583,1,6.278488010146079,72,6,1
2024-01-11,165,67,2.0880844005328436,0,6.617825763014553,81,7,1
2024-01-12,187,77,1.6201341520552657,1,6.577651876393302,73,4,0
2024-01-13,107,73,2.586856363307699,1,8.906588091142716,53,8,1
2024-01-14,105,50,2.7793666879253642,1,7.50074519866787,67,5,2
2024-01-15,167,82,2.002014061056342,1,8.814116963338966,50,6,0
2024-01-16,72,94,1.9818972399635129,0,8.154640139313301,99,6,1
2024-01-17,89,58,2.6454077687468884,1,6.565282380667803,67,8,2
2024-01-18,98,92,2.7803898705909202,0,6.192187063296428,72,7,1
2024-01-19,183,65,1.5719874013303792,0,8.176611463488772,59,9,2
2024-01-20,75,63,2.1632969920106326,0,8.321279810074437,78,3,2
2024-01-21,191,92,2.5921805797139976,1,5.159237040939665,64,5,1
2024-01-22,121,92,1.5598087812799808,0,5.73293153691419,54,3,2
2024-01-23,97,92,2.408820372444424,0,8.729901552301188,87,8,2
2024-01-24,67,97,1.983873849590184,1,6.7846484477762665,54,7,0
2024-01-25,59,56,2.3922527782844307,1,7.058798395075501,82,6,2
2024-01-26,166,91,2.465363396804417,0,8.002023430662017,99,8,1
2024-01-27,60,57,2.668321900533426,1,6.159623547213966,71,8,1
2024-01-28,127,88,2.702708652730786,0,5.5631216934810634,71,7,1
2024-01-29,174,53,2.5005129570540596,1,5.116203935040947,95,5,1
2024-01-30,140,71,2.137731492414466,0,7.770825566653072,79,9,2
2024-01-31,101,62,2.675784060715734,1,7.195847790063079,59,4,2
2024-02-01,60,78,2.3406957883101307,0,7.196981554523507,60,3,1
2024-02-02,168,89,1.638891907453784,0,6.784048807560094,51,9,2
2024-02-03,137,72,2.416823192768037,0,5.994181118966164,88,4,0
2024-02-04,130,52,1.8008885478578172,1,8.664538722991132,78,8,1
2024-02-05,126,50,2.36340529279024,0,8.016434482023922,84,7,2
2024-02-06,190,65,1.8216349190509171,0,6.364981889332044,82,9,1
2024-02-07,127,57,2.4149736109826136,1,6.6251072523129135,65,6,1
2024-02-08,100,54,2.8089075620446655,0,7.078124983801736,52,4,0
2024-02-09,191,89,2.730877597187159,1,6.451588466829062,68,5,0
2024-02-10,142,65,1.588285357915543,0,6.814480358175731,99,7,0
2024-02-11,95,58,2.274811963999513,0,5.63165422207633,63,3,2
2024-02-12,165,98,2.736417441401855,0,5.17918565444131,80,9,1
2024-02-13,51,71,2.1181084614259893,0,8.627459561707926,67,6,1
2024-02-14,124,69,1.6167341236154236,0,8.719466740870168,71,6,2
2024-02-15,87,51,1.766796592606525,0,8.226167260950255,85,7,2
2024-02-16,158,57,2.486591687093596,0,6.10515675161083,80,9,0
2024-02-17,73,51,2.835577437882033,0,5.124171970367952,62,7,1
2024-02-18,56,97,2.143348964461312,0,5.010697389289213,50,6,0
2024-02-19,162,76,2.286642383445308,1,5.24965071675982,69,4,2
2024-02-20,113,63,2.577317419124326,1,6.5791330682424585,80,3,1
2024-02-21,183,64,2.2903378661557543,0,5.6880512135902555,92,9,2
2024-02-22,97,54,2.1378058955441053,1,5.7388724485320175,59,5,1
2024-02-23,160,86,2.0046458242977154,1,7.570646449963874,78,5,2
2024-02-24,126,68,2.4388580311381123,1,8.560587811748611,98,3,0
2024-02-25,165,88,2.03631265125607,1,7.539285117726344,66,9,2
2024-02-26,166,57,2.8821269974434705,0,7.378718717346371,59,8,0
2024-02-27,58,93,1.70802974307398,1,8.208746814805458,73,9,2
2024-02-28,156,54,1.7902387292560873,0,5.006033554363825,94,9,2
2024-02-29,159,94,1.6067587492414437,1,5.222958872729615,93,8,1
2024-03-01,57,53,2.814355057998001,0,7.309173761262263,60,5,0
2024-03-02,126,58,2.870194382480987,0,8.802911394835895,96,9,0
2024-03-03,72,63,1.7001254772440184,0,7.618779233728615,63,7,2
2024-03-04,67,84,2.055216877432634,1,8.868855017229517,63,4,1
2024-03-05,65,96,2.6386625132671195,0,8.60018973677031,82,5,0
2024-03-06,115,68,2.135531121924088,1,5.929463005726898,87,9,0
2024-03-07,57,83,2.1712596867959686,1,8.479580533362011,75,3,1
2024-03-08,87,88,2.902943971937529,0,8.27265511814751,56,6,2
2024-03-09,135,51,2.3123155006050773,0,6.617372394826745,88,6,1
2024-03-10,164,83,1.6120532914148096,1,5.504502583054464,89,7,2
2024-03-11,182,67,1.8308918957679425,0,7.851381482191121,73,7,1
2024-03-12,188,77,2.4299824320991936,1,7.082458575811578,66,6,2
2024-03-13,50,50,1.8038100809118611,1,7.347913302649571,94,9,2
2024-03-14,171,95,2.3435928007990725,0,6.2214807637787235,58,7,2
2024-03-15,114,92,1.5968119586863978,0,8.839496594575651,58,8,1
2024-03-16,156,85,2.57121806885649,0,8.139979413031629,81,4,0
2024-03-17,85,53,2.994192378801559,1,7.431925639342252,95,7,2
2024-03-18,84,75,2.9883292357264373,0,7.981066972216482,80,9,1
2024-03-19,78,81,2.3061917901239157,1,5.6025071452024084,59,7,2
2024-03-20,91,82,1.9932258665570441,0,8.616823244032458,52,9,2
2024-03-21,194,78,2.979132013179415,0,8.867317496181556,60,6,1
2024-03-22,52,51,2.7565988423755208,1,5.536619006419672,68,7,1
2024-03-23,147,91,1.6744369414279527,0,7.508011227757949,95,9,0
2024-03-24,159,63,2.318174696074729,1,7.894539026599917,77,6,0
2024-03-25,125,84,2.078567620343147,0,6.198537031009307,73,3,2
2024-03-26,165,84,2.2624854080500905,0,7.24466892163649,80,6,0
2024-03-27,64,97,2.027071933331935,0,8.757534361437216,89,3,1
2024-03-28,127,95,2.0903063947593026,0,5.158403675752485,92,6,1
2024-03-29,184,85,2.410282379167163,0,8.590535212234593,73,8,0
2024-03-30,125,86,1.8360706414959769,0,7.033948640818266,74,9,1
2024-03-31,139,90,2.2853942733492874,0,8.933100309014057,64,7,2
2024-04-01,171,84,2.9915012014674307,0,5.003643049201721,75,4,2
2024-04-02,181,99,2.659902806596002,0,5.022954769495701,87,9,2
2024-04-03,176,50,2.4450374068363465,1,6.547160984584853,72,7,2
2024-04-04,142,98,1.9126481456242121,1,6.2657952446932095,74,3,0
2024-04-05,193,96,2.3550243627585825,0,8.729734151347813,59,9,2
2024-04-06,122,54,2.793851690494226,0,6.0592736123136355,52,6,2
2024-04-07,119,59,2.298728129155384,0,6.757078721685434,93,6,1
2024-04-08,127,64,1.8767497445462662,1,8.964955559764523,88,5,2
2024-04-09,55,52,2.7388524884133174,0,8.056500740630849,92,7,1
2024-04-10,194,84,2.89738903286856,1,6.876744554146337,84,4,2
2024-04-11,128,70,1.909528426848258,1,6.023884541383456,52,9,0
2024-04-12,101,90,2.216718350417713,0,7.791737647503231,72,5,1
2024-04-13,83,99,1.9280837147026406,0,8.067081716119333,63,9,1
2024-04-14,130,83,2.1978603835281465,0,5.517164505303226,99,6,0
2024-04-15,113,86,2.3938778983393183,1,5.208665004911486,64,4,0
2024-04-16,117,55,2.8194105386368804,1,7.421885921725467,50,9,1
2024-04-17,140,62,2.8139118845858633,1,8.9606151308839,50,5,0
2024-04-18,80,53,2.667184002704721,1,7.2578619245376474,93,8,1
2024-04-19,92,81,1.8062668774516755,1,7.328349587551873,58,3,1
2024-04-20,95,70,1.5676535973147148,0,7.191132998715421,91,4,0
2024-04-21,130,72,2.770352976447597,1,7.861129874500355,91,4,1
2024-04-22,183,67,1.6195478603503204,1,6.95002772068387,92,5,2
2024-04-23,59,95,2.952035477086698,0,8.77539342478763,52,5,0
2024-04-24,54,90,2.370016940320419,1,6.764048358891657,77,7,1
2024-04-25,68,82,1.7963694822387704,0,7.9091355436259505,57,8,1
2024-04-26,123,53,2.2741596027600304,1,7.707323179131284,62,7,1
2024-04-27,168,57,2.7514416177980254,1,8.746101983324328,87,5,2
2024-04-28,85,95,2.9954931459471474,0,6.918572871674902,97,8,0
2024-04-29,56,59,1.5044006205255949,0,5.963136411331028,67,7,0
2024-04-30,54,67,1.6586630890885483,0,8.619572495700224,50,8,2
2024-05-01,183,91,1.6669972987948456,1,7.730514840601131,56,8,0
2024-05-02,177,69,2.9660208949963636,0,5.840455765243478,92,8,2
2024-05-03,99,53,1.9475826280890747,1,7.597711280559901,95,4,1
2024-05-04,187,51,2.3098913815217026,0,6.6216370997141905,69,6,1
2024-05-05,155,88,2.435520379281992,1,6.104874126103361,99,6,0
2024-05-06,95,68,2.1681401976849353,1,6.888779297442638,72,8,1
2024-05-07,78,82,2.4156477298010204,0,8.190587363873524,67,9,2
2024-05-08,102,61,2.0665108415383364,0,5.350008325453425,75,9,2
2024-05-09,185,88,2.0367514583332085,0,7.7795134280816525,72,6,0
2024-05-10,189,87,2.1936529515670156,0,5.8933070206981615,65,6,2
2024-05-11,66,89,1.6871359613073003,1,8.663057471483768,90,5,1
2024-05-12,192,88,2.2039161991849605,0,5.191957905630144,62,4,2
2024-05-13,88,88,1.9401397113996839,1,5.828182643006687,54,4,1
2024-05-14,134,51,1.558105837868151,1,6.63363303478676,62,7,2
2024-05-15,186,60,1.6269462976238016,1,6.530691750657311,52,9,0
2024-05-16,74,54,2.609577689429653,0,8.908361697839103,75,7,0
2024-05-17,185,52,2.199366021627128,1,8.102201858842628,86,3,1
2024-05-18,177,91,2.959310695398023,1,7.238306323653978,63,6,1
2024-05-19,95,98,1.936734267882378,0,5.612289847826061,88,7,0
2024-05-20,135,79,1.9876881197899092,0,8.107007461681967,93,4,0
2024-05-21,111,89,2.504066142064704,0,5.31006848442183,98,4,0
2024-05-22,179,69,2.1652026317206223,0,6.4088660817246526,89,6,2
2024-05-23,99,91,2.681563945426844,0,5.584411260714305,90,4,1
2024-05-24,168,88,1.9502062405454297,1,6.501330881779975,82,8,1
2024-05-25,69,90,2.7030813538247522,1,7.190903756116718,87,4,1
2024-05-26,156,70,2.9367539188980722,1,5.589106767733624,65,5,2
2024-05-27,120,80,2.5732077823154276,1,7.156105557594728,57,6,2
2024-05-28,149,52,2.781043171159596,0,8.060120282927523,54,3,0
2024-05-29,160,95,1.7169115855793522,1,5.637315555174027,92,5,2
2024-05-30,121,77,2.4364443459070415,1,8.279141708544726,77,5,1
2024-05-31,64,64,1.6116943779567978,1,6.762961286215959,51,7,1
2024-06-01,82,52,2.1215203292273532,0,7.081778644194376,94,8,1
2024-06-02,94,85,1.8643440660663413,0,8.246644409998174,64,6,0
2024-06-03,107,77,2.2986283640300025,1,7.788855918225533,99,8,2
2024-06-04,142,85,2.3117985534271295,1,5.001866976591118,84,4,2
2024-06-05,118,82,2.701744293263119,0,6.0587302175823545,91,6,2
2024-06-06,120,88,2.0388334395685845,1,5.451874091560006,84,7,2
2024-06-07,182,77,1.7428799767869085,1,6.9434856006763415,85,8,1
2024-06-08,86,77,2.1359184561843154,1,6.9309457090180215,86,8,0
2024-06-09,101,61,1.5746420536753627,0,7.391645986265025,73,8,1
2024-06-10,93,79,2.325418796437842,1,8.822713921521993,63,5,2
2024-06-11,76,94,2.9110333911013364,1,6.706678393346465,76,5,1
2024-06-12,199,81,1.6271014306306224,0,6.10946178818439,74,7,1
2024-06-13,157,93,1.7035624004155747,0,7.727524589022676,94,7,0
2024-06-14,184,63,1.7461597443352255,0,6.586473335540836,96,7,1
2024-06-15,164,92,2.5833814544996567,0,7.169016399565493,83,5,1
2024-06-16,115,88,1.7551015815804623,1,5.295704509202327,88,4,0
2024-06-17,105,70,2.1123776792112263,0,7.611057516467989,80,7,0
2024-06-18,76,67,2.8265604858415694,1,5.280896057687153,70,4,2
2024-06-19,187,91,2.6852164132838565,1,6.798185969976292,97,6,1
2024-06-20,193,72,2.4236106069170136,0,6.422905995376117,83,8,2
2024-06-21,94,91,1.8211320140991556,0,8.978901705707898,70,4,2
2024-06-22,129,75,2.9258258355352345,0,6.587195745522955,97,4,2
2024-06-23,190,74,2.196712235393272,0,6.534484992024602,87,7,1
2024-06-24,169,75,2.2134392345185523,1,5.134177690909789,78,5,0
2024-06-25,160,64,2.0069892338671873,0,5.277972856589896,95,8,0
2024-06-26,103,78,1.9968713386729313,1,6.490000497008481,66,9,2
2024-06-27,148,96,1.609033189966561,0,7.809663344368655,84,3,1
2024-06-28,98,79,2.179313153307199,1,6.3046649379938415,88,9,1
2024-06-29,102,71,2.057197987054356,1,7.695571753724769,69,8,1
2024-06-30,146,82,2.934941816369157,1,8.730836674956265,54,7,1
2024-07-01,131,90,2.313095680013417,1,8.000315496735492,93,4,1
2024-07-02,158,86,2.2996227153728395,1,5.491967983624749,95,7,0
2024-07-03,192,93,2.462432720496398,0,5.449887574581398,57,9,2
2024-07-04,198,60,1.6155190333040426,0,5.7995609845929526,61,7,0
2024-07-05,115,73,2.572703633193951,0,5.418979303168863,90,9,1
2024-07-06,80,64,1.6304361112556747,0,7.296411473896498,87,6,2
2024-07-07,104,77,2.896996381491304,0,5.441220498439229,60,6,0
2024-07-08,153,61,2.1324277275475105,1,8.768407538326134,70,4,0
2024-07-09,188,60,1.599913746352381,0,7.020423628520909,53,4,0
2024-07-10,128,53,2.339075495294839,1,7.23407279886908,86,8,0
2024-07-11,110,95,2.8668690946734934,1,6.347214597455263,77,8,2
2024-07-12,92,68,1.8826931343688218,1,6.343084027753807,83,7,1
2024-07-13,93,95,2.2406963088267964,1,5.2180761508103135,92,3,0
2024-07-14,95,81,2.7007160727365944,0,5.507675270756735,71,6,1
2024-07-15,163,54,1.6290899537107604,0,5.2272989460596655,55,8,0
2024-07-16,139,60,1.7157906885919045,0,8.414895943382588,90,7,0
2024-07-17,67,82,2.735746528736998,0,8.20552210900274,51,7,1
2024-07-18,83,81,1.8814145323493385,0,6.076688557115431,68,6,1
2024-07-19,78,62,1.5727023712534427,0,5.630569817969045,59,7,2
2024-07-20,85,91,2.2294335520930812,1,5.109650333827421,63,3,2
2024-07-21,163,63,2.9409154832789985,0,7.370192611165132,52,6,2
2024-07-22,156,69,1.5539248595795485,0,7.752782033248507,66,5,2
2024-07-23,172,69,2.5059800977864386,0,5.554063369612306,68,8,0
2024-07-24,112,53,1.5211624540306983,0,7.867466843013432,67,3,1
2024-07-25,142,69,2.9294602739193105,1,8.858872182142106,51,5,2
2024-07-26,186,91,1.5104647008234366,0,7.488088202941567,66,4,2
2024-07-27,83,88,2.3156063108074276,1,7.939094555708218,77,5,1
2024-07-28,194,76,2.758213306514395,1,6.048329859909657,52,6,1
2024-07-29,147,66,2.9720859367701817,0,8.802126109276045,90,7,0
2024-07-30,124,96,2.0658542264777875,0,8.846328584857758,53,8,2
2024-07-31,71,53,2.2183077781840703,0,7.985407474519039,89,4,2
2024-08-01,96,64,1.5220264773425343,0,7.940596552471121,94,8,0
2024-08-02,169,78,2.9298236572083756,1,5.334812499723197,92,8,1
2024-08-03,103,76,2.8166319625768916,0,5.263288109001953,77,4,0
2024-08-04,196,92,1.9972253619793467,0,5.862063567805182,92,9,2
2024-08-05,134,62,1.9336418061642962,0,6.259814494259398,81,3,2
2024-08-06,132,78,2.8627282480692986,0,8.955138885835641,79,9,1
2024-08-07,199,50,1.6475441686035557,0,6.244402707030808,81,7,2
2024-08-08,108,84,2.958495555427967,0,6.856504050933058,94,7,1
2024-08-09,84,52,1.8699100920611211,1,7.4276113870915275,66,7,0
2024-08-10,185,82,2.374735915407939,1,5.461895432345048,95,7,1
2024-08-11,97,90,2.2777063896221255,1,8.803540661628823,52,8,0
2024-08-12,50,56,1.8096652085447096,0,6.085677784644114,51,7,2
2024-08-13,61,80,2.147715330246397,0,5.054942934735355,52,5,1
2024-08-14,109,61,2.493703887857232,1,8.461658919336937,55,6,1
2024-08-15,97,95,1.8191060548893212,1,7.460276071793624,97,5,2
2024-08-16,159,88,2.5493116163893106,0,6.376183248198515,60,5,1
2024-08-17,59,68,2.6144426945298687,0,5.492198284832394,87,4,0
2024-08-18,155,69,2.644864742395746,0,5.308483307882092,92,6,1
2024-08-19,110,53,1.9968567884590942,1,5.418345181574077,92,3,1
2024-08-20,87,92,2.5050847424030396,0,5.9144472019198915,62,7,1
2024-08-21,154,64,2.4930906793485215,0,7.816434156296778,51,3,2
2024-08-22,99,90,2.5256052627377734,1,7.307680046454175,99,6,0
2024-08-23,151,73,1.619108368859268,0,6.771269035201609,88,7,0
2024-08-24,109,65,2.5689061107523727,1,8.74930071905708,99,4,2
2024-08-25,138,77,1.7257212002199531,1,6.746454278234358,76,7,0
2024-08-26,152,77,1.9591752834706688,1,8.471532553316464,90,7,2
2024-08-27,188,55,2.2254414261681084,1,5.289336743881029,74,5,0
2024-08-28,67,75,2.9501814359306775,1,5.149423435069599,59,3,1
2024-08-29,192,60,2.4765167331331703,1,6.103612718669014,82,8,2
2024-08-30,115,86,1.715896752123188,1,8.88019511631569,95,4,2
2024-08-31,131,66,2.658129353832725,1,8.080736030343123,50,3,0
2024-09-01,59,69,1.8322391701772263,1,8.156364595670922,64,8,0
2024-09-02,132,55,1.7704140763093665,0,8.612240450237676,76,8,2
2024-09-03,178,78,1.625445961437957,1,5.121527262503067,55,9,2
2024-09-04,62,53,2.8540343646628825,1,8.846844794495269,61,4,2
2024-09-05,55,73,1.6945854299146248,0,5.238491892007682,92,8,0
2024-09-06,64,85,2.2496686050071055,1,5.431045362859276,55,5,1
2024-09-08,166,80,2.6501873981294404,1,8.240209745852418,61,5,0
2024-09-09,143,83,1.6463397398300235,1,7.596384141195465,73,5,1
2024-09-10,84,82,2.4516388583529873,1,5.668400994752953,59,8,0
2024-09-11,78,92,1.557127695705763,0,6.244132580801958,88,6,0
2024-09-12,138,70,1.6641587242349396,1,7.281607844792843,80,9,2
2024-09-13,192,95,1.9196784018254018,0,6.353637161548223,66,8,0
2024-09-14,65,71,2.091219343346628,0,6.617991234451816,52,3,1
2024-09-15,88,87,2.521365816374385,1,6.260436610770925,79,9,1
2024-09-16,152,56,1.8481889454101181,0,6.3534208196917366,53,4,2
2024-09-17,188,67,2.8801973448339986,0,6.710618097985032,56,8,2
2024-09-18,67,91,1.6389945765878913,1,5.080894169199978,68,5,1
2024-09-19,94,95,2.451089351648627,1,8.04084815787106,93,7,0
2024-09-20,160,93,2.78344585758581,1,6.088771269691284,72,9,0
2024-09-21,60,86,2.0304345139699658,0,8.059397772613984,97,7,2
2024-09-22,183,66,2.5215006761927867,0,8.85894691438523,96,6,2
2024-09-23,82,97,2.999213018139774,1,5.495109102023742,62,8,2
2024-09-24,77,64,2.2416068587759006,0,5.056112712796033,61,8,1
2024-09-25,125,79,1.7504940157526387,0,5.704413026025762,84,7,1
2024-09-26,83,58,1.5962233976958085,0,8.94579566092871,85,6,1
2024-09-27,116,61,2.9613064584950233,0,5.0587013240777114,80,9,0
2024-09-28,134,82,2.3837521990683785,0,5.821287507691999,97,9,2
2024-09-29,194,67,2.801290130217682,0,8.596648036956879,97,9,0
2024-09-30,89,59,2.546509949894213,0,8.849344157423237,91,6,2
2024-10-01,139,50,2.6905216029472276,1,6.714161403466652,66,3,1
2024-10-02,178,58,2.584482655845987,0,7.844907231421388,76,8,1
2024-10-03,162,91,1.9035699576053449,1,7.928915892080406,58,9,2
2024-10-04,116,96,1.8881231829558731,0,5.180857174495509,72,3,1
2024-10-05,182,54,2.313982956455648,0,7.101119845573992,78,6,2
2024-10-06,176,86,1.7843504865875022,0,5.6573680369955595,57,8,0
2024-10-07,192,71,1.8823248235376093,1,7.575905240620969,80,9,2
2024-10-08,130,86,2.7685953247493407,1,7.4457118565762155,96,7,1
2024-10-09,128,76,1.763995804680821,1,7.947595790758748,50,7,1
2024-10-10,99,52,1.567095173198472,1,5.320626376118975,83,9,2
2024-10-11,147,71,2.111932601666905,0,8.820357999266367,83,8,2
2024-10-12,148,70,2.3213726210711476,1,6.917184004148147,79,8,1
2024-10-13,93,54,2.8225154734409514,1,5.09936217911857,55,4,0
2024-10-14,175,84,1.6995628198291746,1,8.29566895459083,96,4,0
2024-10-15,140,97,2.310190914744729,1,7.174361450097376,53,3,2
2024-10-16,140,72,1.7456779454517695,0,5.552684622100914,71,7,2
2024-10-17,63,82,2.333409322772995,1,5.622866104480212,92,6,1
2024-10-18,108,70,1.8276943880581495,1,5.298708989596952,75,8,0
2024-10-19,199,97,2.895209295376567,0,5.384141308585271,67,6,1
2024-10-20,165,94,2.2198324264561853,1,8.859962604765975,90,3,2
2024-10-21,64,73,1.8826063373467474,1,8.4702274919997,96,6,0
2024-10-22,104,73,2.877792725998602,0,5.516901004079527,62,3,1
2024-10-23,82,87,2.4767983139489163,1,7.729346020793269,72,5,2
2024-10-24,167,64,1.9951165743705637,0,6.14392613425669,82,6,1
2024-10-25,60,75,2.7263487301395433,0,7.81359975023674,70,8,2
2024-10-26,155,66,2.9190708780655497,0,5.152288154030141,83,9,1
2024-10-27,88,65,1.6972376778933875,1,5.324204256439525,76,6,0
2024-10-28,55,87,2.8082598898125095,1,7.58515757494596,55,9,2
2024-10-29,190,67,1.7605057168260332,0,6.750763556411296,95,9,0
2024-10-30,88,62,1.7102727132217068,1,7.174462007340836,88,7,1
2024-10-31,194,90,2.478835076011223,1,7.215582938804342,53,5,0
2024-11-01,196,79,1.795361546322087,0,7.6077912034468005,69,5,2
2024-11-02,60,80,2.96209230970244,0,6.708564117662323,93,6,2
2024-11-03,198,98,2.8583551937897194,1,6.793810194248831,74,8,1
2024-11-04,182,91,2.6792242726561724,0,6.555633651152842,84,7,2
2024-11-05,172,81,2.921088372104913,1,8.708366343824437,77,9,0
2024-11-06,181,84,2.10969971051641,1,8.96665100486754,84,3,0
2024-11-07,196,52,2.2943453037297066,1,6.649005043659313,63,9,0
2024-11-08,196,78,1.662794229100762,1,8.063585757204464,98,3,0
2024-11-09,153,55,2.4176368002407473,0,8.636162024917342,56,8,1
2024-11-10,107,99,1.7048060921561274,0,6.2991195247251195,72,9,2
2024-11-11,132,82,2.684082425892629,1,5.443510298089613,77,5,1
2024-11-12,189,56,2.264793003042893,1,8.839379306937651,68,3,1
2024-11-13,114,88,2.8054885137613237,0,6.8616859412216975,87,8,0
2024-11-14,145,83,2.4905690982658273,1,8.334842129231234,71,7,0
2024-11-15,190,53,1.836140486763938,1,5.291166148039328,80,4,1
2024-11-16,131,73,1.8471830691096967,1,8.612225567562072,93,3,2
2024-11-17,194,77,1.7823836811017795,1,5.965675401982983,83,3,1
2024-11-18,132,68,2.475212774524309,0,6.354558798894118,71,4,2
2024-11-19,133,99,1.5045221372434656,1,6.3034819776103355,72,5,0
2024-11-20,112,62,2.1557474945692565,1,5.453582935457774,70,9,1
2024-11-21,143,55,2.6359635100271173,0,5.171443740686435,63,6,1
2024-11-22,154,55,2.52643241033406,0,6.898701345437523,62,3,1
2024-11-23,190,95,1.5760907376942832,0,6.503715457814214,71,7,2
2024-11-24,142,52,2.897736494887209,1,6.254050777745398,98,6,2
2024-11-25,87,78,2.9126605811291664,1,8.411472210536179,76,5,0
2024-11-26,138,66,1.8814538015646987,1,8.496672630670103,61,4,2
2024-11-27,70,75,1.519715357291797,0,5.829660083309743,70,8,0
2024-11-28,172,75,2.3003296360721106,0,5.567737604994726,96,4,2
2024-11-29,76,63,1.823039092462788,1,8.24201605081446,67,5,0
2024-11-30,134,86,1.765976999818532,1,7.246457184773881,94,4,0
2024-12-01,134,59,2.8726073345807794,1,6.763443699721323,96,8,1
2024-12-02,161,83,2.846961906957405,1,8.458048631245616,83,3,0
2024-12-03,121,98,2.369535720547928,0,7.919824958517522,72,6,1
2024-12-04,141,57,1.8908832089506735,1,8.346801014350564,88,5,1
2024-12-05,139,87,2.6532269263837063,0,5.826762678761753,55,5,1
2024-12-06,162,51,1.7013940601850917,1,5.049560372570388,71,6,0
2024-12-07,94,57,1.924640624410227,0,7.533980055973826,94,7,1
2024-12-08,154,73,1.9789191751837327,1,8.883178524395268,82,5,0
2024-12-09,119,51,1.9641354204118135,0,6.892119569335067,53,6,2
2024-12-10,112,57,2.92293981556889,0,8.47745616795624,74,3,2
2024-12-11,153,83,2.218849727681937,1,5.634470471211704,68,9,0
2024-12-12,180,96,2.062799202735733,1,8.02224919323163,62,6,1
2024-12-13,106,93,2.511044880241558,0,6.505542829704591,75,3,2
2024-12-14,91,56,2.5214789743124664,0,6.792492047880776,74,4,0
2024-12-15,81,83,2.069915762127101,1,6.894603541721045,52,6,0
2024-12-16,191,58,2.9207272092704355,0,5.306664239154527,75,6,0
2024-12-17,144,76,1.6617279458525038,1,6.435350747369979,82,8,2
2024-12-18,178,58,2.430967080527744,1,7.031033248658591,61,5,2
2024-12-19,118,93,2.236834907984444,0,8.762137611034788,69,8,1
2024-12-20,184,50,2.385041979774675,1,6.67769421362828,64,7,1
2024-12-21,172,62,2.8093453195686173,0,7.384938232294122,78,9,1
2024-12-22,151,73,2.591021621093149,0,7.315501184733648,82,8,0
2024-12-23,93,55,2.53891623286623,0,8.577611156403695,55,5,1
2024-12-24,58,88,1.8700807412637466,0,7.338791633801954,72,4,2
2024-12-25,143,69,1.8022107934386142,1,8.568382633018285,75,6,2
2024-12-26,105,93,1.890604079006673,0,6.5411635510716,98,5,1
2024-12-27,153,87,2.977171750270669,1,5.885118963567318,64,4,0
2024-12-28,193,71,2.3723254553577773,1,8.805855273872144,96,6,1
2024-12-29,119,50,1.531035713433409,1,5.85823377441791,65,5,2
2024-12-30,62,72,2.8186258741230326,0,7.746986220969147,55,9,2
2024-12-31,140,81,1.536319994542755,0,8.465201774790863,95,5,1
2025-01-01,198,66,1.8136215906354431,0,8.479771798572733,71,7,1
2025-01-02,56,84,1.7656525219874768,0,5.5236396633467315,83,3,2
2025-01-03,82,62,2.727853523891723,0,6.041064890211583,54,8,2
2025-01-04,190,88,2.5858317981016055,0,8.683338439834577,80,8,0
2025-01-05,93,77,2.8568767691484007,0,7.51692045133278,66,3,0
2025-01-06,71,63,1.9003379490680077,1,6.866586280114839,95,7,0
2025-01-07,168,78,2.4185582466815196,1,7.117576424415947,58,6,1
2025-01-08,166,71,1.9763269997134258,0,8.13504005033408,73,4,1
2025-01-09,143,92,2.966167199290998,1,8.43391253121452,72,8,0
2025-01-10,156,96,1.7977710294030893,1,6.353325426662165,55,9,1
2025-01-11,172,60,1.664251011242978,1,6.3542469351242294,93,6,1
2025-01-12,132,97,1.9595584815862204,0,6.51603574212713,56,4,2
2025-01-13,131,62,2.093499469840385,1,6.411743148533995,68,6,1
2025-01-14,63,67,2.7813321262638606,0,7.670042320645441,59,9,0
2025-01-15,119,57,2.2615038526829565,0,8.2101587096626,93,6,0
2025-01-16,75,53,2.5326866464057836,1,7.50410342996555,76,4,2
2025-01-17,142,77,1.5835248285695402,1,8.249241145560998,66,4,2
2025-01-18,76,81,2.2827194806955187,0,7.863658786261103,57,7,0
2025-01-19,149,57,2.008455210304703,0,5.817180421276605,59,5,2
2025-01-20,69,58,2.58428563293421,0,6.77718084156057,76,7,2
2025-01-21,93,69,1.560533883985451,0,5.038824158518803,89,5,2
2025-01-22,67,99,2.9441612414912344,1,7.913748634039809,93,6,1
2025-01-23,56,96,1.886175231642936,1,6.0386064147478375,50,7,2
2025-01-24,86,81,1.6201951263150411,1,6.231598075811778,85,9,2
2025-01-25,55,81,1.7128278404413961,0,5.777884942147526,51,3,0
2025-01-26,109,97,2.426577482161747,0,6.708626724546356,55,9,1
2025-01-27,164,97,2.4163905046278042,0,6.4317540198504055,57,5,0
2025-01-28,55,87,2.393496462472671,1,5.083714154334162,83,5,1
2025-01-29,100,55,1.878180093199065,0,7.854520471260479,66,3,0
2025-01-30,138,90,2.930692415702329,0,8.45205506320518,56,8,0
2025-01-31,163,74,1.875225566905295,1,7.527064725709291,92,7,2
2025-02-01,172,72,2.665441759854068,1,8.236210797825802,80,6,2
2025-02-02,82,64,2.216642957171323,0,7.964627755267875,65,3,2
2025-02-03,157,86,2.313445765357852,1,7.251156517868729,50,6,1
2025-02-04,153,56,1.860347355168469,1,7.976857713205268,88,8,2
2025-02-05,97,82,2.768942450010419,0,7.012116860203866,92,9,0
2025-02-06,69,60,2.0216352452743,1,8.859188312455455,58,4,0
2025-02-07,126,56,1.714268652096347,0,7.698474161437806,71,7,2
2025-02-08,132,86,2.3016966498145166,1,6.797601197309632,71,8,1
2025-02-09,60,99,2.1184700996910606,0,5.79391060406086,79,8,0
2025-02-10,123,51,2.01253572127721,0,5.463821905605688,57,9,2
2025-02-11,170,64,2.232754474397871,1,6.007543211223754,98,5,2
2025-02-12,97,87,1.7997544300705888,0,5.923056490375883,73,4,2
2025-02-13,106,83,1.5806206292930414,0,8.910069922263801,61,3,0
2025-02-14,112,96,1.610230536921369,0,5.215173946859528,62,6,2
2025-02-15,140,87,2.123552553463962,0,5.567047497425534,75,5,1
2025-02-16,73,65,2.9818034599925056,1,6.861588999789822,67,4,2
2025-02-17,145,80,2.5733853758178746,1,7.237669845514865,97,8,2
2025-02-18,115,72,2.978145809650427,1,6.211456864577224,56,5,1
2025-02-19,102,69,2.741344873907552,1,8.026436721567348,55,9,0
2025-02-20,160,63,2.6746240809593993,0,7.366748378090718,92,7,2
2025-02-21,73,54,2.1320143122607274,1,5.650048261187196,84,9,2
2025-02-22,88,95,1.828807886022375,0,6.757319370275466,77,7,2
2025-02-23,175,67,2.4885528335435843,0,6.135994477457155,64,5,2
2025-02-24,55,60,2.6398710595124424,1,5.41826913199727,59,6,2
2025-02-25,169,66,1.727390842445097,1,7.9943525803368845,99,9,0
2025-02-26,192,93,1.5391000659737144,0,6.808446749526057,86,9,1
2025-02-27,188,51,1.5644052979100365,0,7.685171519731,69,6,1
2025-02-28,57,86,1.5275962228852138,1,8.296635593175933,50,7,1
2025-03-01,166,97,1.5929923674920086,1,5.3210370571273815,52,5,2
2025-03-02,133,56,1.9355741076978195,0,5.905595228737587,64,4,2
2025-03-03,77,87,1.7452753827961254,1,7.064307199372975,71,3,1
2025-03-04,78,93,1.679380590227189,0,7.2777251444690965,84,6,1
2025-03-05,94,89,2.407418863342164,1,7.4474117302273655,84,6,2
2025-03-06,50,51,2.394375758115749,1,5.898885977609476,75,4,2
2025-03-07,155,93,1.6297194574703855,0,6.207547371561233,66,5,1
2025-03-08,104,56,1.5334237047885053,0,6.587862797328116,54,6,2
2025-03-09,189,94,2.9349607137752276,0,6.538265899477748,51,7,1
2025-03-10,178,94,1.8924535842224057,0,7.600942799588792,62,7,0
2025-03-11,125,64,2.771515827220578,0,6.548054821503472,94,6,0
2025-03-12,138,93,2.7856533321680836,1,6.602646389993301,98,9,0
2025-03-13,162,57,2.2144884277558714,0,7.895170216356799,67,6,0
2025-03-14,110,75,2.5648416686199114,1,6.058124333412249,78,9,0
2025-03-15,119,52,1.788643079642602,0,6.2928046208661925,80,6,1
2025-03-16,121,94,1.8803690818612944,1,7.516563180689907,58,7,1
2025-03-17,111,91,2.3685809911386326,1,6.4029721530812616,92,6,1
2025-03-18,131,96,2.7279231977043246,0,5.465501864917105,81,3,1
2025-03-19,117,59,2.0169772340610255,1,5.166654877717876,87,7,0
2025-03-20,77,63,1.5337740985501473,0,6.83075792055717,95,7,2
2025-03-21,171,69,2.734816985035097,0,7.2640072498659665,97,7,1
2025-03-22,191,99,2.2968373727795766,1,8.703667951923084,62,3,1
2025-03-23,61,67,1.672531631941672,1,5.55040382828116,73,7,1
2025-03-24,167,66,2.6684957555172177,1,5.212772779967333,93,3,2
2025-03-25,82,91,2.1344635778848886,0,8.030642227863787,76,8,0
2025-03-26,74,92,2.485628723984103,0,8.071705883387073,93,5,1
2025-03-27,69,75,2.1301507945000315,0,5.048239371598928,96,6,1
2025-03-28,155,70,2.619091433156699,1,7.5283640776445235,77,5,2
2025-03-29,87,62,2.6693870845631955,0,7.108508516938242,58,6,0
2025-03-30,186,57,1.6961243314194578,0,8.181466634150429,58,7,2
2025-03-31,168,56,2.7777853251079,1,5.934875177560586,64,7,1
2025-04-01,106,68,1.7207008908788484,1,8.140222962062195,64,8,0
2025-04-02,188,72,2.6286135046734422,0,5.629807937875262,94,7,2
2025-04-03,87,98,2.525850928056429,1,6.4375199151120235,69,5,0
2025-04-04,126,83,2.7916976744979722,0,6.365844532445838,84,5,2
2025-04-05,175,65,2.3896908984587997,1,5.565430451411544,54,4,1
2025-04-06,175,51,1.5083893766200043,1,8.122213862546321,81,8,1
2025-04-07,102,84,2.421725228068286,1,6.579799379707749,59,3,1
2025-04-08,104,80,1.6497669846127025,1,7.2074084546774255,66,6,2
2025-04-09,171,59,1.8116870010474697,0,8.937257890954815,99,8,0
2025-04-10,101,95,2.1862760309460176,0,7.6560790780282515,98,6,1
2025-04-11,136,58,1.5649731156841815,0,7.336350638796899,66,3,1
2025-04-12,178,65,1.6254275484727398,1,6.713728156111984,99,7,0
2025-04-13,83,83,1.7879369907073408,1,7.330132477707362,51,9,1
2025-04-14,139,91,1.6939790743833956,0,7.415284660486752,95,4,0
2025-04-15,157,80,1.9487379732601298,1,6.500436133265033,89,5,0
2025-04-16,82,80,2.728712836733658,1,8.931191368970037,60,3,2
2025-04-17,175,69,2.366478812626482,1,5.569646817017036,68,6,2
2025-04-18,115,66,2.1083192474312913,1,7.110401512441559,68,6,2
2025-04-19,59,67,1.5987007034049823,0,6.007132822680851,61,6,1
2025-04-20,126,60,1.841605979411184,0,5.824916123373416,96,8,0
2025-04-21,170,71,1.9724278976235101,0,8.231153062643246,62,3,2
2025-04-22,174,82,1.652855300983801,1,7.913535422703428,51,4,1
2025-04-23,151,90,2.7833043303086957,1,6.038165123562726,67,3,1
2025-04-24,165,73,1.5116327051184122,1,5.5067251819442475,72,7,1
2025-04-25,180,86,1.94608561889084,1,8.125311921809915,83,7,1
2025-04-26,92,78,1.6715081500589464,0,5.161213021521129,75,6,2
2025-04-27,123,71,1.9689579777822082,1,7.256738169228438,71,3,0
2025-04-28,145,85,2.1330426010900836,1,5.789027193066401,64,4,2
2025-04-29,108,78,2.055252642781275,1,5.975579533541705,79,7,2
2025-04-30,147,92,2.2247257022204603,0,7.023163306106667,56,7,0
2025-05-01,82,64,2.6747882360580375,0,6.041720074668942,97,4,1
2025-05-02,89,58,1.9523484805178999,1,5.509324086272142,82,4,1
2025-05-03,198,77,2.14407722316097,1,5.516872571586958,87,5,0
2025-05-04,117,92,2.388082627045816,0,6.224985172061698,64,4,0
2025-05-05,98,51,1.5767606650413228,1,6.166111433637559,53,6,2
2025-05-06,131,80,1.5943861999686726,0,8.586662445319684,70,3,2
2025-05-07,131,60,2.923619837867724,0,6.6259299938634,60,9,2
2025-05-08,51,51,2.8270364717455516,0,7.951820817624867,74,5,0
2025-05-09,137,59,1.5964071815667185,0,6.159464611954081,51,6,2
2025-05-10,116,66,2.8048734184316846,0,6.888623057825657,56,5,1
2025-05-11,140,70,2.7150811931726833,1,7.216705521575596,71,3,0
2025-05-12,91,56,2.1505363590207915,0,8.788314033290428,65,4,0
2025-05-13,149,62,2.7970919727646493,1,7.609256126780094,89,5,1
2025-05-14,129,99,1.8054617829479072,0,7.826244457116666,56,4,1
2025-05-15,127,63,2.6694941368035607,1,6.526834238032998,77,9,0
2025-05-16,67,56,1.968631595409604,1,5.265834710927557,77,9,1
2025-05-17,99,99,1.987934701001445,0,5.847867923311447,70,8,1
2025-05-18,189,87,1.7791551278516817,0,5.760093150321122,65,6,2
2025-05-19,128,78,1.7131336239554078,0,7.94544033661348,58,9,2
2025-05-20,98,92,2.4042952898123353,1,8.935819257392708,62,6,1
2025-05-21,77,52,1.5727921379830163,0,6.479320466954775,76,9,1
2025-05-22,130,70,2.81321585601395,1,7.549170294730537,66,7,2
2025-05-23,144,78,1.5364348415851596,0,6.643246134279664,89,5,1
2025-05-24,133,76,1.609272141886226,1,6.761070342879859,78,4,1
2025-05-25,57,68,1.930759364101438,1,7.4974886792472075,95,6,2
2025-05-26,69,59,2.8167225024883145,1,5.476653030919478,76,7,1
2025-05-27,198,90,1.6234564645661673,1,8.689869879935124,79,8,1
2025-05-28,77,75,2.940447306649356,1,8.816403838575212,66,7,1
2025-05-29,113,80,1.916419613315822,1,5.025687395017374,73,6,1
2025-05-30,148,63,2.6707722311597126,1,8.683190500077377,50,3,2
2025-05-31,166,61,2.848520859934718,1,5.136849068425553,74,5,1
2025-06-01,119,75,2.3768934925056904,1,6.074945450139687,91,3,2
2025-06-02,101,72,1.717273212587349,1,5.152370370831694,69,7,1
2025-06-03,147,75,2.306664508806514,1,7.941545565957968,83,9,0
2025-06-04,150,57,2.6759134319356193,0,6.303936537724422,53,5,2
2025-06-05,140,82,2.385502631571589,1,5.792530671885593,51,6,2
2025-06-06,198,50,2.8403607942036913,1,6.725371351646469,78,8,1
2025-06-07,63,72,2.6785495468098515,0,7.101004458125605,97,6,2
2025-06-08,71,89,1.5022287951673863,1,6.471511239826156,69,8,0
2025-06-09,181,88,1.9337577198218183,1,5.632715541893388,78,6,1
2025-06-10,81,96,2.0984429574591226,0,7.073217302186571,66,5,0
2025-06-11,190,61,2.6663342054286683,0,5.391175873503753,54,9,1
2025-06-12,71,82,1.935456776516826,0,6.385335790887764,81,4,2
2025-06-13,177,95,2.5170941741221373,1,8.092495217555582,97,6,0
2025-06-14,59,86,2.561448045979496,0,7.094464781986595,98,3,1
2025-06-15,180,87,2.0600110327468673,1,8.511256873732984,92,4,1
2025-06-16,93,94,2.6804607059998906,1,7.252294557293633,57,3,0
2025-06-17,163,67,1.733498406125457,1,7.363588455470591,97,9,0
2025-06-18,79,74,2.2423551702693763,0,8.42540835770356,79,4,0
2025-06-19,70,91,2.249243555441391,1,6.898505314986265,66,9,2
2025-06-20,79,58,2.7103095939641837,1,8.898708669474662,56,6,0
2025-06-21,117,70,2.6565136241116596,0,8.557916214977896,85,4,0
2025-06-22,126,95,2.1706441972843358,0,5.103742812449693,56,8,0
2025-06-23,146,84,2.2502925292765714,1,8.24611150489265,65,9,2
2025-06-24,115,73,2.9790663538352664,1,6.151938557657167,70,7,0
2025-06-25,56,92,2.4519359682134714,0,6.457570243865729,54,3,0
2025-06-26,191,84,2.8722383508172604,0,5.640755753730695,66,4,1
2025-06-27,129,59,2.854238240446377,0,7.214170429238873,92,9,2
2025-06-28,127,61,2.2153955686268283,0,7.663415467577422,83,4,1
2025-06-29,89,80,1.5129041083561643,1,6.156826402811616,84,8,2
2025-06-30,53,50,2.657573143752665,1,7.2146004165854585,83,6,0
2025-07-01,164,53,2.2774362799211634,0,6.407035370698273,76,5,1
2025-07-02,199,88,1.5336641744385178,0,8.550677803398731,73,7,1
2025-07-03,169,70,1.7738741174260215,1,6.028109757144714,98,8,0
2025-07-04,129,63,1.8581661367877818,0,7.4161161288619635,71,5,0
2025-07-05,187,81,2.3952409351722723,0,6.880802860997068,87,6,2
2025-07-06,123,68,2.596880225510989,0,6.4674901699147025,96,7,0
2025-07-07,138,86,2.0765894460441237,0,7.195828058398025,84,8,2
2025-07-08,131,58,1.6453848119740113,1,5.155322587610765,51,3,2
2025-07-09,84,89,2.190358574823736,0,5.467506009816461,69,9,0
2025-07-10,82,64,2.8431734083465727,1,5.2430041804126954,59,8,1
2025-07-11,87,79,1.8411619441512042,1,8.520840943782673,83,8,0
2025-07-12,65,72,1.5314058565786846,1,8.698477156684426,68,8,0
2025-07-13,111,59,2.535402927852134,1,5.7436480473447205,67,8,2
2025-07-14,105,62,2.6792268307503324,0,8.442229351234161,87,3,0
2025-07-15,123,99,1.8683995438150371,0,5.069998356688985,56,6,1
2025-07-16,177,67,1.6023968250752256,0,5.027661414033535,61,7,2
2025-07-17,67,83,2.7938177895617526,0,5.156549443070403,92,7,1
2025-07-18,185,80,2.031527049686858,0,6.324395409841693,72,6,1
2025-07-19,134,73,2.585023694445972,1,8.002598121059382,85,7,1
2025-07-20,136,82,1.9889759168362247,0,8.246335854615225,80,9,0
2025-07-21,72,54,2.4998217961355707,1,8.370931174492263,59,5,2
2025-07-22,199,86,2.03553644407715,1,5.202001125724605,78,9,2
2025-07-23,89,97,2.6110738930864468,1,6.2790168806820565,98,3,0
2025-07-24,178,79,2.3792324669350107,1,6.984543090127156,69,3,0
2025-07-25,132,63,1.5549145056346931,0,8.419365584344385,96,7,0
2025-07-26,147,68,2.2624756436972984,0,5.609022467069854,54,3,2
2025-07-27,90,58,2.343436586855921,1,8.20285681994855,56,5,0
2025-07-28,171,75,2.3160164929827998,0,7.559946100223021,59,5,2
2025-07-29,126,65,2.3280843025388593,0,5.695198183384633,89,3,0
2025-07-30,96,84,2.8752683509439887,1,7.091286608923841,60,8,1
2025-07-31,95,80,1.8608083161216324,0,8.685854000961037,66,7,1
2025-08-01,62,62,2.3304786484632736,0,6.9600829941759965,77,6,0
2025-08-02,151,50,2.5907361476561146,0,5.14021828174023,70,7,0
2025-08-03,162,80,1.7404734972144167,0,7.272066274633623,97,5,2
2025-08-04,52,99,2.956031930855241,1,6.519748508150432,57,9,1
2025-08-05,176,96,2.658692239702291,0,7.30943375125316,96,4,1
2025-08-06,66,63,2.754264561690025,0,8.663080760122362,92,5,0
2025-08-07,184,75,1.8327414662122807,1,6.361810385808068,58,7,0
2025-08-08,141,86,2.1022815064850793,0,5.267787968097691,87,5,1
2025-08-09,124,62,2.415911784414474,1,5.109042871006441,70,8,2
2025-08-10,60,74,1.8059795993035486,0,8.346320813249932,99,9,2
2025-08-11,55,57,1.560866233853674,0,5.513012304179316,61,3,1
2025-08-12,104,85,1.770098995337035,0,8.158455801742518,67,9,0
2025-08-13,142,96,1.9391983112895237,1,5.723808120440651,93,5,1
2025-08-14,116,77,1.5995415869171095,1,8.35037185837395,85,7,1
2025-08-15,104,60,2.719762765054072,0,7.977987108339528,80,5,1
2025-08-16,83,51,2.009296515998315,1,8.063893695244003,51,9,1
2025-08-17,101,79,2.687634914667279,1,6.058809107565809,63,5,2
2025-08-18,130,95,2.772558947118779,1,6.845978142032609,82,3,2
2025-08-19,60,96,2.712706227078839,0,7.951538279498957,72,4,2
2025-08-20,123,76,2.2660076787900554,1,5.946890344583326,57,9,1
2025-08-21,130,62,2.7823408226221953,1,8.171462244558597,98,8,1
2025-08-22,188,73,1.705638660479379,0,8.74917044359815,93,9,0
2025-08-23,167,97,1.7757417031656704,0,6.421629923835065,80,7,0
2025-08-24,194,55,2.859883271347,0,7.696290554716433,70,7,1
2025-08-25,168,81,2.0584730301565077,1,8.523999668906999,79,8,2
2025-08-26,155,60,2.586068295350577,0,8.856215330516555,77,5,0
2025-08-27,101,83,2.2203414487646915,1,6.852488504381775,68,4,2
2025-08-28,136,81,2.59518303304914,1,5.339343340634288,93,4,0
2025-08-29,95,61,2.926847879693132,0,5.2290496959504615,88,8,2
2025-08-30,97,57,1.7369451577619315,1,6.491875812756005,69,6,1
2025-08-31,58,81,2.4158877713706977,0,6.291046159702056,90,7,0
2025-09-01,58,66,1.519327946487994,1,5.8746427405715975,82,5,1
2025-09-02,125,51,1.7749868175497747,0,6.669061389346263,84,8,1
2025-09-03,81,53,2.333268342740657,0,5.783183292759948,81,9,0
2025-09-04,113,58,1.7085571485599493,1,6.712316383911333,70,9,1
2025-09-05,197,50,2.9733246249964704,1,8.71809015950088,95,7,1
2025-09-06,151,66,1.7948214182826228,0,5.845597471447833,90,5,1
2025-09-07,185,84,2.3898200354788814,1,7.170264462637736,62,5,1
2025-09-08,94,75,2.833403709941921,1,8.730042954659197,58,6,2
2025-09-09,141,77,2.380124634306142,1,5.777664039059175,75,7,0
2025-09-10,133,70,2.803498489787047,1,7.4672709358668445,56,7,1
2025-09-11,141,96,2.9736051383619544,0,7.993508098195558,69,8,1
2025-09-12,121,76,1.875170145059505,0,7.66899052588319,77,4,2
2025-09-13,52,83,2.4909151502819067,1,5.294215731250153,71,5,0
2025-09-14,131,87,1.7831807887411382,1,8.701141553078395,62,6,1
2025-09-15,101,78,2.0315042775104204,1,7.005129247248936,83,6,2
2025-09-16,126,52,1.5301446014929665,1,6.161818463934289,59,9,0
2025-09-17,66,93,1.7929125062198024,1,7.917120720088713,95,4,1
2025-09-18,158,71,2.2869147184595815,0,8.882562897058685,85,8,0
2025-09-19,190,89,2.5187972064458686,0,7.515964009480428,91,5,2
2025-09-20,61,86,2.9108710890985674,1,5.52816677465975,79,3,0
2025-09-21,85,85,2.206592940168839,0,8.578251764858791,50,5,0
2025-09-22,153,79,2.056325909035224,1,7.057232786215945,61,4,2
2025-09-23,133,75,2.249353150728279,1,6.8128424897738515,95,6,1
2025-09-24,67,65,1.514200018515213,0,8.270433207811063,80,4,1
2025-09-25,159,52,2.6562764157282204,1,7.354544549806448,68,4,2
2025-09-26,159,94,2.995570355505408,1,5.080644664528075,96,3,0
2025-09-27,169,58,2.028115671288747,1,5.647304489914992,52,6,0
2025-09-28,124,72,1.5829605542702636,1,8.565436433212305,70,9,2
2025-09-29,70,93,2.6536527792749802,1,7.6177011914837625,82,4,1
2025-09-30,80,83,2.5114432892969427,0,6.832145524707679,50,7,0
2025-10-01,57,70,2.7928623868433498,0,8.096617333324284,52,6,1
2025-10-02,93,60,1.7042622031411037,0,8.513395529170428,61,4,1
2025-10-03,81,55,1.7422717441078537,1,7.031502776085127,52,7,0
2025-10-04,58,50,2.174549579281121,1,8.391702820366053,99,7,1
2025-10-05,104,52,1.8633966048448138,0,5.452247976571123,76,5,1
2025-10-06,65,97,1.8177156573801228,1,8.08465357257998,96,7,2
2025-10-07,86,97,2.155706607539278,0,5.032517679588691,73,5,0
2025-10-08,167,50,2.541608503526801,0,7.852774931833525,82,4,1
2025-10-09,89,77,2.2955497729556473,1,8.057297265976548,93,5,1
2025-10-10,97,62,2.5517448967546046,1,6.017316234883175,57,5,1
2025-10-11,78,95,2.5900454319891058,0,8.095214427337673,70,7,1
2025-10-12,181,87,1.9967770840325958,1,5.882702249054146,89,9,1
2025-10-13,98,95,2.768842232119016,1,7.097966084215987,90,7,2
2025-10-14,188,97,1.671578890032455,1,8.972276007349317,76,6,0
2025-10-15,96,55,2.08202478201369,0,6.3630053267180955,88,7,0
2025-10-16,138,72,2.8608410742396857,1,6.011570867330205,50,9,2
2025-10-17,166,52,2.4529245256913423,0,8.128154035817474,56,9,2
2025-10-18,151,72,2.7407910295621276,1,6.059281678183389,67,7,1
2025-10-19,113,77,1.766859426801183,0,6.420484553112937,58,3,1
2025-10-20,64,85,2.0993594528978328,1,7.16023858175477,68,3,2
2025-10-21,160,56,2.3958731180258512,0,8.51369128789637,72,3,2
2025-10-22,128,72,2.0587465917762726,0,5.214484876978755,56,7,2
2025-10-23,192,58,2.765956778938069,1,6.719354454974058,81,5,1
2025-10-24,117,68,2.4307592514067755,0,7.712275236119761,82,6,0
2025-10-25,193,90,2.74851386151399,0,5.707149390670647,79,9,1
2025-10-26,164,73,1.7594932727934234,0,8.956116552801536,77,5,2
2025-10-27,108,61,2.5675501151720423,1,7.526748602954895,61,6,1
2025-10-28,90,53,2.492311663480033,1,8.93309096387218,85,6,0
2025-10-29,62,67,2.853996695290621,1,5.971867782663233,87,3,0
2025-10-30,55,92,2.949498210940661,1,5.019773760222895,77,8,2
2025-10-31,172,94,2.2494327519607253,0,5.869445103221796,62,6,2
2025-11-01,127,90,1.5019127540485224,1,7.9001071949905,92,6,0
2025-11-02,88,54,2.474520746998588,0,6.497524465702013,72,3,0
2025-11-03,96,71,2.12725922010398,1,6.292175485462793,96,7,1
2025-11-04,68,89,1.529857856736042,0,5.099544876045852,74,5,0
2025-11-05,62,80,1.7575134774094274,1,6.929415278355388,90,3,0
2025-11-06,148,99,2.9112284609465133,0,8.159285587810043,93,5,2
2025-11-07,181,85,2.4963191495154495,0,6.815564982944855,60,8,1
2025-11-08,71,87,1.9760291747004706,0,7.112089096804722,74,8,1
2025-11-09,90,93,2.7107137170222204,1,7.227115077402747,99,7,0
2025-11-10,151,81,2.3801829784006223,0,8.478580237894013,72,3,1
2025-11-11,152,57,1.9798940025906084,1,6.4016272644880585,65,7,1
2025-11-12,88,82,1.8885274577844156,0,6.6028803100058475,84,8,0
2025-11-13,170,81,2.7209227615847733,1,6.525903075953548,57,8,0
2025-11-14,93,82,1.760857333762487,1,8.441641298441622,57,8,2
2025-11-15,179,74,1.6294219388584184,1,5.10106458576778,55,9,2
2025-11-16,171,79,2.0487858568421635,1,8.596878530148038,63,3,2
2025-11-17,73,97,2.2700803097515148,0,7.911452011439945,88,5,0
2025-11-18,190,88,2.639331061654759,1,6.541920011993195,59,9,0
2025-11-19,117,86,2.2329369838123387,1,8.002381608778533,79,7,2
2025-11-20,162,63,1.9646222744523307,1,7.6446393659298,54,7,2
2025-11-21,172,90,2.8921638787435464,1,7.303616281252031,56,9,2
2025-11-22,69,64,2.7322024775181015,0,6.467828016517513,52,8,0
2025-11-23,56,55,2.5673447161023195,0,5.989975173131006,56,4,0
2025-11-24,90,55,2.2611133970511337,1,5.799666845538957,71,3,1
2025-11-25,85,82,2.3589208493179057,0,7.1005689145550965,70,5,1
2025-11-26,125,94,1.6518267735102032,1,7.8539178906217755,55,3,0
2025-11-27,167,64,1.7750914636663462,1,5.143172498786479,57,8,2
2025-11-28,135,56,2.2076442598150807,1,5.868020718253101,74,9,2
2025-11-29,57,79,2.4207011840496238,1,6.153948078651085,86,9,0
2025-11-30,67,52,2.1655654894105094,1,7.757287217448894,71,5,0
2025-12-01,174,51,2.317034806905143,0,8.120699744352837,61,3,2
2025-12-02,64,81,1.7070736369745434,1,7.338016600333436,84,9,0
2025-12-03,148,61,2.2701353763136543,1,8.125579096320681,51,7,1
2025-12-04,85,67,1.7606687285921037,0,8.131729199692927,87,9,2
2025-12-05,128,97,2.6351320739283874,0,6.2958459218195255,63,6,1
2025-12-06,86,62,2.2964787734413576,0,8.505579248894438,56,3,1
2025-12-07,72,62,1.5531227148303146,1,6.304937301184615,80,8,1
2025-12-08,126,53,2.295705733730913,0,6.594159471795736,57,5,0
2025-12-09,70,68,1.570097113132006,0,6.278852481483067,66,6,1
2025-12-10,144,66,2.759214368079385,0,7.32131697786579,60,7,2
2025-12-11,54,72,1.9431018274989613,0,6.045460246746942,77,9,1
2025-12-12,120,71,1.6157817822493257,0,5.498073060189462,97,7,0
2025-12-13,154,62,2.828428316096025,0,5.8099475051451535,74,9,1
2025-12-14,71,89,1.9259208041191194,0,7.421849227724369,53,6,1
2025-12-15,180,92,2.6812293940744,1,8.356658484154696,98,4,1
2025-12-16,149,61,2.448413110403029,0,8.340111848235757,56,5,0
2025-12-17,158,89,2.932718882543612,1,5.7961187275427015,61,4,1
2025-12-18,168,86,2.9823696338071475,0,6.9266620986809695,96,3,0
2025-12-19,61,68,1.7800250557666397,0,7.393941752728354,79,4,1
2025-12-20,149,61,1.8122562536520679,1,7.5815191750524065,66,7,2
2025-12-21,150,91,2.5697080796192653,0,5.951793904414683,69,9,0
2025-12-22,188,53,1.7137396500094704,0,8.158457064170333,53,7,0
2025-12-23,162,85,1.7504076714027654,1,5.380624826926619,72,9,2
2025-12-24,147,52,1.9936817638083544,1,7.853115431949768,57,9,1
2025-12-25,96,95,2.7963000821565593,0,6.025846683753031,68,7,1
2025-12-26,87,98,2.1919468410042287,1,6.95883617116056,92,3,2
2025-12-27,165,79,2.7420975044652334,1,6.886601125796474,66,3,2
2025-12-28,134,69,2.245795212489802,0,6.4481018195980715,73,3,1
2025-12-29,199,90,2.0426272628929842,0,8.110435191762168,57,3,0
2025-12-30,98,89,2.3697402318735774,1,7.306726749687375,86,7,0
2025-12-31,79,69,2.593898319904761,1,7.198286528741061,75,5,1
2026-01-01,141,62,1.541410147872548,1,5.389281706583301,83,6,2
2026-01-02,122,93,1.8547559993427176,1,8.550391981008456,58,3,1
2026-01-03,193,74,1.9668788787204883,0,5.761049475244809,74,3,2
2026-01-04,169,97,2.248571880343544,0,7.355962558718018,80,3,2
2026-01-05,185,95,1.804911482740164,0,5.8549892609009415,54,3,0
2026-01-06,108,68,2.320749906092921,0,8.342672854243718,58,7,0
2026-01-07,55,59,2.9629403201033044,0,8.698858392324656,50,8,1
2026-01-08,198,54,2.6084068004584453,0,7.550587662930736,65,4,0
2026-01-09,128,73,2.352283258409501,1,7.8949242313391945,65,7,0
2026-01-10,195,54,2.194802363506445,0,5.78887986747522,81,4,0
2026-01-11,56,78,2.0487038901183983,0,5.933843412959138,52,4,1
2026-01-12,164,55,2.5149931769660663,1,8.038889124452837,72,6,1
2026-01-13,139,94,1.550189008255619,0,5.889394157008594,81,8,1
2026-01-14,54,54,1.5679958718419524,1,7.434946571089254,79,3,2
2026-01-15,106,57,1.7584000194042668,0,7.215496560517787,79,6,0
2026-01-16,102,71,2.3709164343112197,1,5.91643129810495,82,7,1
2026-01-17,129,73,2.4505018490580763,1,7.472628326246047,75,7,0
2026-01-18,84,63,1.876923563494713,1,7.1104481670785,77,5,2
2026-01-19,91,97,1.6822060830377925,0,7.640743086684963,54,5,0
2026-01-20,195,97,1.872493584707329,1,7.560263015708304,50,7,1
2026-01-21,105,59,1.5599514897160356,0,5.715755774569725,69,9,2
2026-01-22,195,67,2.8538481160702207,0,5.334298020652506,54,5,2
2026-01-23,158,94,2.2489027267013046,0,5.3912321729088974,53,4,1
2026-01-24,81,93,2.1090509832240754,1,8.352465018589495,79,7,2
2026-01-25,102,65,2.0133013237599053,0,8.162475705193057,73,7,1
2026-01-26,142,59,2.884163082267879,0,8.599742987358605,78,3,1
2026-01-27,145,84,1.6886005235236277,0,5.5816475986193534,96,5,2
2026-01-28,184,95,2.2547487584570254,1,8.17532185159145,56,7,0
2026-01-29,89,75,1.6350216237999187,1,8.277220713537796,84,3,2
2026-01-30,188,59,1.8942766413968157,1,7.9781713468609405,78,7,0
2026-01-31,117,57,2.910442958887179,0,5.437569777923661,85,8,2
2026-02-01,73,53,1.5954227452468719,0,5.666644374006908,70,6,1
2026-02-02,129,56,2.9151793004879387,0,5.5821660542851586,95,9,2
2026-02-03,93,77,2.359495323391673,0,7.815024860744996,67,6,1
2026-02-04,121,50,2.927609310765548,1,5.8562589157929885,50,8,0
2026-02-05,180,63,2.236243061733303,1,8.036894906114,53,9,0
2026-02-06,62,73,2.209739222849082,0,5.830484580822604,71,5,2
2026-02-07,192,87,2.686727847295276,0,6.923599121274663,93,4,1
2026-02-08,185,94,2.4673774513731,1,7.660331362447402,52,3,1
2026-02-09,69,96,1.6389949387918297,0,8.975782905856235,85,6,1
2026-02-10,121,90,2.429620188995058,0,8.007305444815195,60,7,0
2026-02-11,189,70,2.8069508489830906,1,7.198572416099314,55,9,1
2026-02-12,166,82,2.479773538249995,0,8.522332089784289,61,4,2
2026-02-13,96,94,1.9312477277295272,1,8.032658172362286,77,7,2
2026-02-14,100,92,2.821581783182271,1,7.423619735177297,79,6,0
2026-02-15,54,54,2.2686966107233872,1,7.390282303835834,59,3,1
2026-02-16,127,96,1.7362394412688202,1,5.015326527452478,93,6,0
2026-02-17,194,66,1.8490017171091253,1,5.851835035451156,59,8,0
2026-02-18,98,50,2.3731473849595854,0,8.072525320353392,82,8,1
2026-02-19,161,87,2.2794668796288104,1,8.679204041707402,75,9,2
2026-02-20,93,53,1.9074902785034555,0,6.265093572520325,89,9,0
2026-02-21,153,71,2.751856776973174,1,6.452861515705071,60,8,2
2026-02-22,185,75,2.0075793275686906,0,8.346391676332042,87,4,2
2026-02-23,131,86,1.9595456057151879,1,6.646402727859471,73,5,0
2026-02-24,74,91,2.666271556189029,1,5.5334053730162465,91,8,0
2026-02-25,102,72,2.3239857183491015,1,7.931560646776623,92,4,2
2026-02-26,131,54,1.9127349567200032,1,8.132859053891954,67,5,1
2026-02-27,161,70,1.945693761926953,0,7.517640254116913,98,5,0
2026-02-28,51,83,1.9720449442269474,1,6.9555558050280375,59,7,1
2026-03-01,126,90,2.0171558981226823,1,5.7267099089235725,62,7,0
2026-03-02,104,88,2.0899951026035124,1,5.372757592772583,71,3,0
2026-03-03,158,64,2.014606004370954,1,7.340921633640372,91,3,1
2026-03-04,112,62,2.3016280018426567,1,8.670794803458904,87,7,1
2026-03-05,135,77,1.8045356486879833,1,5.521520587498688,83,4,2
2026-03-06,149,55,2.6329422968633356,0,5.241484125809669,97,7,2
2026-03-07,159,69,2.2908770815416517,0,7.647101832422145,88,3,1
2026-03-08,144,67,2.8148569768558156,1,6.1594445543475995,79,3,1
2026-03-09,157,84,2.3148278689042776,1,5.971947527894045,51,9,0
2026-03-10,180,96,2.4995122912180787,1,7.234099431551488,99,8,2
2026-03-11,134,99,1.762732528939689,1,8.238580601834261,85,7,0
2026-03-12,184,56,2.241834951062864,1,6.053398815622828,73,4,1
2026-03-13,158,58,2.151045476104622,1,8.694799839662899,63,5,1
2026-03-14,93,79,2.5633888617249845,0,7.649744840802572,93,5,0
2026-03-15,93,78,2.854471111298558,1,8.530020924580207,76,3,0
2026-03-16,195,56,1.7308732728074268,1,5.706909337978547,73,4,0
2026-03-17,81,50,2.265474583734332,0,6.118061352265739,53,7,1
2026-03-18,137,98,2.0119700633400237,1,8.862928702644412,72,3,2
2026-03-19,53,74,2.794923472049523,0,5.063895603588599,84,7,0
2026-03-20,199,70,2.138214760232357,1,5.652300493135709,78,5,1
2026-03-21,187,68,1.8882176586034052,1,6.019922579439937,85,5,2
2026-03-22,81,60,2.3140329478983412,0,6.916985615462115,66,9,2
2026-03-23,110,69,1.8868240107870968,1,7.058823115795073,87,7,2
2026-03-24,50,73,2.3341995796839985,0,7.0839059039468,78,3,2
2026-03-25,138,83,1.715919306973444,1,5.068257895213195,97,3,0
2026-03-26,127,59,2.1598444706536157,0,5.949927635650024,75,4,0
2026-03-27,88,71,1.5304762669059322,1,7.531618566481816,66,4,0
2026-03-28,74,96,2.0104673745374617,0,6.384528140915449,77,9,2
2026-03-29,157,95,1.7173861301026692,0,8.813417529889232,65,5,0
2026-03-30,56,66,2.678466295817468,1,6.589833209432468,75,9,0
2026-03-31,109,77,1.6345107481982768,1,8.413503636668464,98,7,1
2026-04-01,110,92,2.883864879097879,1,6.0782482863986065,88,3,2
2026-04-02,98,57,2.652238331685936,0,6.575615127689636,83,6,2
2026-04-03,193,73,1.786904137637883,1,6.763117618466167,98,8,0
2026-04-04,188,56,1.8464873050954744,0,5.082657008745965,99,9,2
2026-04-05,79,65,1.6966728240099949,0,8.312479428772452,58,9,2
2026-04-06,80,93,1.5059607751155117,1,8.962898411105877,87,5,2
2026-04-07,155,50,2.3348996763151018,1,6.668796019252516,59,4,2
2026-04-08,67,66,1.9444476949511922,0,5.30832131195085,94,8,0
2026-04-09,158,61,1.5095507847353433,1,5.9015712626052785,92,3,0
2026-04-10,117,52,2.7722088058368133,1,6.027430282412961,61,7,0
2026-04-11,163,58,1.817875242928992,1,5.615205535507842,84,8,0
2026-04-12,177,52,2.7622198255783235,1,7.948632354376519,65,6,2
2026-04-13,154,53,1.6301228841246544,1,5.42465516936848,83,3,1
2026-04-14,165,80,1.705391646494906,0,8.645388012542004,83,3,2
2026-04-15,192,50,1.850856662306833,0,5.36024805819957,92,8,2
2026-04-16,52,99,2.3830336199106164,1,5.264614113553421,60,3,0
2026-04-17,108,80,2.573311005680222,1,8.033770097214546,51,5,0
2026-04-18,96,60,1.7885181325520605,1,6.6574741270304045,97,3,0
2026-04-19,51,52,1.8143045957259436,0,8.228681037105673,52,9,0
2026-04-20,124,96,2.2065906251611627,0,8.808285446400584,73,3,1
2026-04-21,165,85,2.913503357080328,0,5.1630167202048,64,7,0
2026-04-22,190,56,2.441830998584246,0,7.0093023555894405,94,4,2
2026-04-23,137,59,2.0394347687705294,1,6.485355825869462,77,3,2
2026-04-24,69,84,2.8950653649683935,1,6.577595272274465,85,4,0
2026-04-25,66,82,2.0481342725533604,0,8.215792313938348,85,8,0
2026-04-26,132,55,2.0321599926707563,0,7.039707734747854,69,6,2
2026-04-27,157,83,1.931749238152111,1,7.532649406675198,93,8,0
2026-04-28,157,96,2.0599795394286464,1,6.102970710516108,87,8,2
2026-04-29,151,50,2.7529060528785507,0,5.249963237574015,72,9,1
2026-04-30,129,61,2.385453483134858,0,7.23215405094449,85,5,2
2026-05-01,166,83,2.0809113936332113,1,5.897579620657204,65,8,1
2026-05-02,60,95,2.9683535087146824,0,7.852761309904569,72,4,1
2026-05-03,70,66,2.5993049872884284,1,8.10330669334881,97,9,0
2026-05-04,81,55,2.026106775087109,1,5.7360937764592945,88,8,2
2026-05-05,86,91,2.119311705857856,0,6.981800154684459,88,8,0
2026-05-06,199,97,1.6341067049701261,0,7.639596977361816,60,3,0
2026-05-07,176,84,2.8202746077160086,0,7.426590556303267,93,5,2
2026-05-08,124,96,1.840152347678847,0,7.627755627450032,83,9,0
2026-05-09,137,58,2.4898350095117436,1,5.5490835205212115,59,5,2
2026-05-10,116,72,2.9013539616214556,0,7.298589124392995,89,4,1
2026-05-11,111,62,2.04674821809228,0,7.427347016473326,54,3,2
2026-05-12,190,81,1.6612214376821324,1,5.129736675074028,74,3,2
2026-05-13,132,61,2.388418881069485,1,7.294239995376721,67,5,2
2026-05-14,147,62,1.896002513260268,0,6.757057696890657,88,8,2
2026-05-15,139,95,1.5239523069187617,1,5.5036008610435285,58,4,0
2026-05-16,131,81,1.6303332422541066,1,7.9963976276399364,84,4,1
2026-05-17,140,95,1.8562423754589414,1,7.079655079040618,58,3,1
2026-05-18,182,58,2.1822071422625404,1,8.232969807846843,89,6,0
2026-05-19,104,89,2.1638915568063957,1,7.530007014823246,75,5,2
2026-05-20,92,68,1.6900376435886602,0,7.32589423855488,79,9,1
2026-05-21,148,71,1.9860551320477993,1,5.696822794859762,52,7,2
2026-05-22,125,99,1.7414651346034313,1,6.53229967978416,50,7,1
2026-05-23,121,63,1.8001516657722865,0,8.157668723235696,89,8,1
2026-05-24,117,58,1.5351839354390546,0,8.600919700874837,84,7,0
2026-05-25,75,53,2.5109398940276932,1,7.275945103723748,73,9,1
2026-05-26,160,88,2.312595188035043,0,5.163544229217133,77,9,1
2026-05-27,166,78,2.277265411173782,1,5.943451115558631,75,8,1
2026-05-28,177,79,2.692451191666345,1,7.900062515077064,79,3,0
2026-05-29,87,70,1.8471630861086032,0,8.547862007228323,55,3,2
2026-05-30,139,96,2.196994271938175,1,8.344460853704856,61,3,1
2026-05-31,144,65,2.2040719688822836,0,6.520248517672103,86,7,2
2026-06-01,68,66,2.32003999993527,1,7.896897685612506,60,6,1
2026-06-02,82,81,2.9123953457183704,1,5.477438420891261,89,6,1
2026-06-03,145,98,2.986057221432321,0,5.561526543376535,98,4,1
2026-06-04,162,66,2.221105798184518,0,5.836360769110618,79,5,2
2026-06-05,80,65,2.3123002160392163,1,8.108262653953513,90,9,1
2026-06-06,161,87,2.0144220291427097,0,5.905984679371665,63,9,0
2026-06-07,169,88,2.252047286358769,1,7.817981710918334,82,9,0
2026-06-08,121,76,2.1997357475238317,0,5.147456748738422,89,6,0
2026-06-09,117,54,2.401415931573296,1,7.696089482186626,87,5,0
2026-06-10,160,85,2.3189609496024226,0,7.95599695600432,59,3,0
2026-06-11,157,92,2.0987906199691135,1,6.434683007097619,55,6,1
2026-06-12,93,99,2.31025877041479,1,8.888428983473672,90,4,1
2026-06-13,134,59,2.0920540871525795,1,5.600268617565533,85,7,0
2026-06-14,95,59,1.8119882466847057,1,6.079515783408889,73,5,1
2026-06-15,161,73,2.40363731902726,0,7.959247654227397,81,4,2
2026-06-16,74,74,2.815234381409657,1,8.68671186373236,53,8,1
2026-06-17,186,83,1.5199243225474106,0,8.918997802690974,84,9,0
2026-06-18,96,59,1.8421526109026063,0,6.961276924174912,99,9,2
2026-06-19,115,74,2.53371056645029,1,8.7838118576469,87,3,2
2026-06-20,170,58,1.6746610304039828,1,8.982982421283282,66,4,1
2026-06-21,58,64,2.811891031027816,1,6.539621889656026,60,4,1
2026-06-22,67,83,2.443777358046948,0,8.980601770061625,58,8,0
2026-06-23,184,58,2.863418934617867,1,8.007146555316327,52,9,2
2026-06-24,114,64,2.23313591676507,0,5.991255094489348,94,8,1
2026-06-25,194,76,1.7070662202147098,0,8.135748353302848,76,3,1
2026-06-26,144,50,1.6141134247248474,1,5.342458541987979,78,9,0
2026-06-27,103,76,2.454673103665802,0,8.509973610882971,85,8,1
2026-06-28,141,92,2.06742650148274,0,8.559225430596491,77,9,0
2026-06-29,128,87,2.998425091397126,1,7.539276212189417,78,9,2
2026-06-30,69,76,2.475263297086932,1,5.786391470749957,73,8,1
2026-07-01,60,94,1.9513929129506036,0,5.319489025876676,62,6,0
2026-07-02,66,58,2.5027782697335077,0,6.529003348794001,71,4,2
2026-07-03,177,51,2.934105212916237,1,6.354025242007119,52,7,0
2026-07-04,92,72,2.9020063150396602,0,7.238234725892334,76,6,2
2026-07-05,89,81,2.967410703604827,0,5.261166962607328,59,9,2
2026-07-06,79,82,2.877978229825995,1,6.469440186601133,57,5,1
2026-07-07,77,91,2.3277782232112676,0,5.024801988889195,63,8,0
2026-07-08,138,64,1.8592421182589762,1,5.827501166504797,56,3,2
2026-07-09,100,60,1.569760352543209,0,5.0034726626866695,70,9,1
2026-07-10,186,63,2.146106019957232,0,6.759608921076164,91,7,2
2026-07-11,137,90,2.8577521790353604,0,6.6761229570565135,57,3,1
2026-07-12,149,82,2.0117959333042794,0,7.605080282452455,66,8,2
2026-07-13,98,81,1.573768828240803,1,5.25152611701982,57,7,0
2026-07-14,62,99,1.8456535077267642,1,6.090509848271645,72,6,2
2026-07-15,169,80,2.8571225464364254,1,5.010111409406922,59,3,2
2026-07-16,136,86,2.9132137811448873,0,5.924983799881069,62,6,1
2026-07-17,135,81,2.5628415407377023,1,6.675558543002209,98,8,0
2026-07-18,86,94,2.2030938331276992,1,5.689366682948713,65,8,1
2026-07-19,195,52,1.550227440067949,1,8.57472213530826,95,6,1
2026-07-20,189,93,2.6143208774292095,0,5.789993768827236,50,5,1
2026-07-21,57,71,2.1965971580132373,1,6.982462217076533,94,3,2
2026-07-22,105,64,2.4172354484404037,1,6.868677799567109,77,6,2
2026-07-23,188,68,1.7754351357196878,0,8.630539247386885,86,7,1
2026-07-24,185,53,2.5151648260688972,1,8.469337544149933,79,4,0
2026-07-25,170,76,2.3283627202317705,0,6.707328145313221,68,9,2
2026-07-26,111,70,2.4841542851980587,1,6.5770220717740315,58,8,2
2026-07-27,158,53,2.0601046886888414,1,7.138415869792231,83,4,2
2026-07-28,64,70,2.4902244797855917,0,8.916242554150664,94,8,0
2026-07-29,62,86,2.0500778609055077,0,6.087996300482919,97,5,0
2026-07-30,131,78,2.597438127205662,1,7.678838992060411,72,8,2
2026-07-31,77,82,2.7660657455818836,0,6.328118897605809,60,3,1
2026-08-01,193,51,1.8760304387030327,0,6.037264556577933,94,4,1
2026-08-02,80,68,1.7169208630925068,1,6.34137015480905,59,8,1
2026-08-03,191,99,2.961410317998623,1,8.6886959949742,89,5,0
2026-08-04,154,70,1.8290306410472772,1,8.518205796565733,58,8,0
2026-08-05,129,63,2.165785404510682,0,5.116111717012243,86,3,1
2026-08-06,152,81,1.6806528885160834,1,8.142558440271234,74,5,2
2026-08-07,62,98,2.19409135205317,1,5.617571629330517,97,5,2
2026-08-08,142,73,2.5318042464722694,1,8.081687609667169,76,8,0
2026-08-09,122,54,2.3429751834717614,1,7.459536855743394,62,4,2
2026-08-10,82,85,2.4657788691316327,1,7.20837647684699,68,8,1
2026-08-11,77,80,2.4640910699023526,0,8.445539749917472,62,7,1
2026-08-12,170,94,2.2186697105728976,1,7.5251647675519475,83,3,0
2026-08-13,70,88,2.386045890040972,1,8.453275594499617,81,7,0
2026-08-14,192,50,1.6834380542449405,0,7.277927639053095,83,7,0
2026-08-15,58,66,2.7723292415803034,0,8.495821590932302,94,3,2
2026-08-16,140,99,2.622274423378715,0,8.657251379056692,69,3,2
2026-08-17,91,96,2.8504975949145455,1,8.294113036656476,73,5,1
2026-08-18,174,54,2.8317132600388533,1,6.203628329791649,85,4,0
2026-08-19,190,66,1.651110989339482,1,7.10937399472793,93,4,0
2026-08-20,190,83,2.8296632937971453,0,5.942377136295289,66,4,2
2026-08-21,86,62,1.6063626666329445,1,8.871563309672446,86,3,1
2026-08-22,128,50,2.256566402716447,1,8.736503939580517,54,4,2
2026-08-23,61,53,1.8274325073439601,0,6.220950866950831,75,6,2
2026-08-24,180,88,1.6346153790584044,1,5.212818311782566,52,3,1
2026-08-25,199,97,1.5423916115706577,1,7.452008807450397,85,8,0
2026-08-26,89,82,2.264255894449184,1,5.593936373113454,80,5,0
2026-08-27,96,83,2.4401848155206842,0,6.521439356722282,66,3,1
2026-08-28,136,59,2.3069299656935964,1,7.832066419198204,76,5,1
2026-08-29,58,64,1.5366302154106786,0,8.481880738914365,75,6,0
2026-08-30,84,82,2.4027157350373725,0,7.732667162884302,71,5,1
2026-08-31,181,85,2.030852562507871,1,7.840415391647658,79,8,2
2026-09-01,183,81,2.4261508317077762,1,6.700303921012976,62,6,1
2026-09-02,151,88,2.536035673581732,1,5.636335929302161,52,7,0
2026-09-03,104,97,1.5939620053243764,0,5.058520245888534,60,8,2
2026-09-04,87,79,2.533642304779862,0,8.304881052900704,90,5,2
2026-09-05,157,52,2.643651345715557,0,8.309219683405235,94,3,0
2026-09-06,190,97,2.5854869539697125,0,5.333893774319961,98,8,1
2026-09-07,63,99,2.4092036518378075,1,7.96807993933546,93,6,1
2026-09-08,59,77,2.4606909639405483,1,5.989793109849497,96,9,1
2026-09-09,141,98,2.749078794520127,0,8.65962151840823,74,5,2
2026-09-10,78,76,2.3012931272971846,1,7.789570787901448,67,8,2
2026-09-11,103,57,2.7737633232355403,0,5.783149381227693,67,6,0
2026-09-12,91,84,1.8234887806234292,0,6.974261593612436,82,4,1
2026-09-13,195,91,1.5082131522342297,0,6.974992513542119,51,6,2
2026-09-14,77,61,2.5607224911570343,1,7.249704084901252,85,7,0
2026-09-15,184,81,1.9252608239549875,0,8.362629806462177,87,3,0
2026-09-16,70,64,1.8773105509194867,0,5.918148313283785,99,4,2
2026-09-17,140,91,1.7933680700575987,0,6.3344731005873465,99,5,1
2026-09-18,191,75,2.252798649733443,0,5.123894358330867,51,5,0
2026-09-19,108,62,2.151388573710266,1,5.487884698122875,87,5,0
2026-09-20,171,89,2.3569740453878456,0,5.68466115440601,71,6,1
2026-09-21,149,99,2.477776658046193,0,6.352790767859152,78,8,2
2026-09-22,195,67,2.0554519005238556,0,5.024377404469584,86,6,1
2026-09-23,163,81,2.4100372179738248,1,8.278042509623083,89,3,0
2026-09-24,63,75,2.887446217976111,1,5.326678758961453,94,4,2
2026-09-25,56,63,2.04995420345642,1,8.618764460048343,58,3,0
2026-09-26,173,60,2.877043909882884,1,6.074985038722389,75,3,1
2026-09-27,187,82,2.6403821605972926,1,7.384859982216823,71,3,2
